File,Number of Changes
docs/contributing.rst,15
toqito/channel_ops/choi_to_kraus.py,15
toqito/channel_ops/kraus_to_choi.py,17
toqito/channels/choi.py,12
toqito/matrix_ops/unvec.py,17
toqito/matrix_ops/vec.py,12
toqito/matrix_props/is_positive_definite.py,15
toqito/matrix_props/is_stochastic.py,3
toqito/measurements/pretty_bad_measurement.py,3
toqito/measurements/pretty_good_measurement.py,4
toqito/state_props/log_negativity.py,21
toqito/state_props/negativity.py,21
.coveragerc,9
toqito/channels/__init__.py,9
toqito/channels/pauli_channel.py,1
toqito/channels/tests/test_pauli_channel.py,1
toqito/matrices/pauli.py,17
toqito/matrix_props/is_block_positive.py,13
toqito/matrix_props/sk_norm.py,23
toqito/state_props/is_separable.py,26
toqito/channel_metrics/diamond_distance.py,2
toqito/channel_ops/dual_channel.py,22
toqito/state_props/is_unextendible_product_basis.py,12
.github/dependabot.yml,4
.github/workflows/dependabot-automerge.yml,1
toqito/channel_metrics/__init__.py,13
toqito/channel_metrics/completely_bounded_trace_norm.py,28
toqito/channel_metrics/diamond_norm.py,20
toqito/channel_metrics/tests/test_completely_bounded_trace_norm.py,6
toqito/channel_metrics/tests/test_diamond_distance.py,1
toqito/channel_props/__init__.py,9
toqito/channel_props/is_extremal.py,1
toqito/channel_props/tests/test_is_extremal.py,1
docs/refs.bib,27
toqito/channels/phase_damping.py,1
toqito/channels/tests/test_phase_damping.py,1
poetry.lock,233
pyproject.toml,330
setup.py,31
toqito/state_opt/__init__.py,7
toqito/state_opt/bell_inequality_max.py,1
toqito/state_opt/optimal_clone.py,26
toqito/state_opt/state_distinguishability.py,45
toqito/state_opt/state_exclusion.py,36
toqito/state_opt/tests/test_bell_inequality_max.py,1
toqito/state_opt/tests/test_state_distinguishability.py,10
toqito/state_opt/tests/test_state_exclusion.py,17
toqito/channels/amplitude_damping.py,1
toqito/channels/tests/test_amplitude_damping.py,1
toqito/rand/__init__.py,11
toqito/rand/random_psd_operator.py,1
toqito/rand/tests/test_random_psd_operator.py,1
toqito/rand/random_density_matrix.py,12
toqito/rand/random_orthonormal_basis.py,5
toqito/rand/random_unitary.py,12
toqito/rand/tests/test_random_density_matrix.py,11
toqito/rand/tests/test_random_orthonormal_basis.py,3
toqito/rand/tests/test_random_unitary.py,10
toqito/matrix_props/tests/test_is_block_positive.py,8
toqito/matrix_props/tests/test_is_positive.py,2
toqito/matrix_props/tests/test_is_stochastic.py,2
.pre-commit-config.yaml,3
docs/conf.py,54
toqito/channels/bitflip.py,1
toqito/channels/tests/test_bitflip.py,1
toqito/channel_metrics/channel_fidelity.py,17
README.md,80
toqito/state_props/__init__.py,22
toqito/state_props/common_quantum_overlap.py,1
toqito/state_props/tests/test_common_quantum_overlap.py,1
docs/Makefile,3
toqito/channel_ops/complementary_channel.py,12
toqito/matrix_ops/tensor_comb.py,7
toqito/states/domino.py,12
toqito/matrix_props/__init__.py,30
toqito/matrix_props/is_pseudo_hermitian.py,1
toqito/matrix_props/tests/test_is_pseudo_hermitian.py,1
toqito/matrix_props/is_pseudo_unitary.py,1
toqito/matrix_props/tests/test_is_pseudo_unitary.py,1
docs/index.rst,33
toqito/channel_ops/__init__.py,8
toqito/channel_ops/natural_representation.py,1
toqito/channel_ops/tests/test_natural_representataion.py,1
docs/getting_started.rst,18
docs/requirements.txt,28
toqito/state_metrics/matsumoto_fidelity.py,26
CHANGELOG.md,71
docs/intro_tutorial.rst,20
toqito/states/ghz.py,29
toqito/states/chessboard.py,15
toqito/channel_ops/tests/test_complementary_channel.py,10
.github/workflows/build-test-actions.yml,23
toqito/matrix_ops/__init__.py,15
toqito/matrix_ops/perturb_vectors.py,1
toqito/matrix_ops/tests/test_perturb_vector.py,1
toqito/nonlocal_games/nonlocal_game.py,66
toqito/states/dicke.py,6
toqito/states/tests/test_dicke.py,3
docs/tutorials.nonlocal_games.rst,20
.github/PULL_REQUEST_TEMPLATE.md,7
toqito/channel_ops/tests/test_complmentary_channel.py,4
toqito/rand/random_circulant_gram_matrix.py,4
toqito/rand/random_ginibre.py,10
toqito/rand/random_povm.py,10
toqito/rand/random_state_vector.py,10
toqito/rand/random_states.py,10
toqito/rand/tests/test_random_circulant_gram_matrix.py,2
toqito/rand/tests/test_random_ginibre.py,5
toqito/rand/tests/test_random_povm.py,6
toqito/rand/tests/test_random_state_vector.py,9
toqito/rand/tests/test_random_states.py,5
toqito/matrix_ops/tensor.py,16
toqito/matrix_ops/tests/test_tensor.py,12
toqito/matrix_ops/tests/test_to_density_matrix.py,1
toqito/matrix_ops/to_density_matrix.py,1
toqito/state_opt/ppt_distinguishability.py,35
toqito/state_props/l1_norm_coherence.py,16
toqito/state_ops/__init__.py,6
toqito/state_ops/pure_to_mixed.py,13
toqito/state_ops/tests/test_pure_to_mixed.py,5
toqito/channel_metrics/completely_bounded_spectral_norm.py,17
toqito/channel_ops/apply_channel.py,15
toqito/channel_ops/partial_channel.py,18
toqito/channel_props/choi_rank.py,15
toqito/channel_props/is_completely_positive.py,13
toqito/channel_props/is_herm_preserving.py,12
toqito/channel_props/is_positive.py,13
toqito/channel_props/is_quantum_channel.py,15
toqito/channel_props/is_trace_preserving.py,18
toqito/channel_props/is_unital.py,13
toqito/channel_props/is_unitary.py,14
toqito/channels/dephasing.py,14
toqito/channels/depolarizing.py,22
toqito/channels/partial_trace.py,26
toqito/channels/partial_transpose.py,22
toqito/channels/realignment.py,17
toqito/channels/reduction.py,14
toqito/helper/__init__.py,12
toqito/helper/channel_dim.py,9
toqito/helper/expr_as_np_array.py,6
toqito/helper/np_array_as_expr.py,6
toqito/helper/npa_hierarchy.py,18
toqito/helper/update_odometer.py,16
toqito/matrices/__init__.py,8
toqito/matrices/cnot.py,8
toqito/matrices/cyclic_permutation_matrix.py,2
toqito/matrices/fourier.py,9
toqito/matrices/gell_mann.py,15
toqito/matrices/gen_gell_mann.py,14
toqito/matrices/gen_pauli.py,14
toqito/matrices/gen_pauli_x.py,4
toqito/matrices/gen_pauli_z.py,3
toqito/matrices/hadamard.py,15
toqito/matrices/standard_basis.py,9
toqito/matrix_ops/calculate_vector_matrix_dimension.py,8
toqito/matrix_ops/inner_product.py,17
toqito/matrix_ops/outer_product.py,18
toqito/matrix_ops/vector_to_density_matrix.py,7
toqito/matrix_ops/vectors_from_gram_matrix.py,12
toqito/matrix_ops/vectors_to_gram_matrix.py,10
toqito/matrix_props/has_same_dimension.py,6
toqito/matrix_props/is_anti_hermitian.py,4
toqito/matrix_props/is_circulant.py,8
toqito/matrix_props/is_commuting.py,10
toqito/matrix_props/is_density.py,13
toqito/matrix_props/is_diagonal.py,11
toqito/matrix_props/is_diagonally_dominant.py,15
toqito/matrix_props/is_hermitian.py,9
toqito/matrix_props/is_idempotent.py,10
toqito/matrix_props/is_identity.py,9
toqito/matrix_props/is_linearly_independent.py,6
toqito/matrix_props/is_nonnegative.py,3
toqito/matrix_props/is_normal.py,9
toqito/matrix_props/is_orthonormal.py,11
toqito/matrix_props/is_permutation.py,24
toqito/matrix_props/is_positive.py,3
toqito/matrix_props/is_positive_semidefinite.py,8
toqito/matrix_props/is_projection.py,12
toqito/matrix_props/is_square.py,10
toqito/matrix_props/is_symmetric.py,9
toqito/matrix_props/is_totally_positive.py,10
toqito/matrix_props/is_unitary.py,11
toqito/matrix_props/kp_norm.py,13
toqito/matrix_props/positive_semidefinite_rank.py,9
toqito/matrix_props/spark.py,7
toqito/matrix_props/trace_norm.py,11
toqito/measurement_ops/__init__.py,3
toqito/measurement_props/__init__.py,3
toqito/measurements/__init__.py,5
toqito/perms/__init__.py,7
toqito/perms/antisymmetric_projection.py,26
toqito/perms/perfect_matchings.py,20
toqito/perms/perm_sign.py,24
toqito/perms/permutation_operator.py,27
toqito/perms/permute_systems.py,42
toqito/perms/swap.py,37
toqito/perms/swap_operator.py,24
toqito/perms/symmetric_projection.py,32
toqito/perms/unique_perms.py,18
toqito/state_metrics/__init__.py,13
toqito/state_metrics/bures_angle.py,11
toqito/state_metrics/bures_distance.py,25
toqito/state_metrics/fidelity.py,18
toqito/state_metrics/fidelity_of_separability.py,24
toqito/state_metrics/helstrom_holevo.py,16
toqito/state_metrics/hilbert_schmidt.py,17
toqito/state_metrics/hilbert_schmidt_inner_product.py,17
toqito/state_metrics/sub_fidelity.py,15
toqito/state_metrics/trace_distance.py,19
toqito/state_ops/schmidt_decomposition.py,21
toqito/state_opt/symmetric_extension_hierarchy.py,28
toqito/state_props/is_distinguishable.py,8
toqito/state_props/is_ensemble.py,10
toqito/state_props/is_mixed.py,12
toqito/state_props/is_mutually_orthogonal.py,12
toqito/state_props/is_mutually_unbiased_basis.py,20
toqito/state_props/is_npt.py,11
toqito/state_props/is_ppt.py,19
toqito/state_props/is_product.py,18
toqito/state_props/is_pure.py,13
toqito/state_props/purity.py,13
toqito/state_props/schmidt_rank.py,20
toqito/state_props/von_neumann_entropy.py,14
toqito/state_props/concurrence.py,16
toqito/states/gen_bell.py,17
toqito/states/gisin.py,11
toqito/states/horodecki.py,14
toqito/states/isotropic.py,15
toqito/states/max_entangled.py,19
toqito/states/max_mixed.py,16
toqito/states/mutually_unbiased_basis.py,11
toqito/states/singlet.py,15
toqito/states/trine.py,8
toqito/states/w_state.py,20
toqito/states/werner.py,19
docs/_static/custom.css,2
toqito/states/basis.py,14
toqito/states/breuer.py,13
toqito/states/brauer.py,14
toqito/states/bell.py,17
toqito/states/bb84.py,10
toqito/states/__init__.py,18
docs/tutorials.state_exclusion.rst,16
docs/figures/trine.png,1
toqito/matrix_props/tests/test_sk_norm.py,5
toqito/matrix_ops/tests/test_inner_product.py,8
toqito/matrix_ops/tests/test_outer_product.py,8
toqito/matrix_ops/tests/test_tensor_comb.py,1
docs/tutorials.extended_nonlocal_games.rst,23
toqito/nonlocal_games/extended_nonlocal_game.py,27
toqito/matrix_props/tests/test_spark.py,7
toqito/nonlocal_games/tests/test_nonlocal_game.py,8
.gitignore,16
toqito/matrix_props/tests/test_is_anti_hermitian.py,4
toqito/matrix_props/tests/test_is_hermitian.py,5
toqito/state_props/entanglement_of_formation.py,31
docs/tutorials.state_distinguishability.rst,19
toqito/channels/tests/test_partial_transpose.py,6
toqito/matrix_props/majorizes.py,14
toqito/matrix_props/tests/test_majorizes.py,4
toqito/matrix_props/tests/test_trace_norm.py,4
toqito/measurement_ops/measure.py,9
toqito/measurement_ops/tests/test_measure.py,4
toqito/nonlocal_games/quantum_hedging.py,19
toqito/nonlocal_games/tests/test_extended_nonlocal_game.py,6
toqito/nonlocal_games/tests/test_quantum_hedging.py,6
toqito/state_metrics/tests/test_bures_angle.py,4
toqito/state_metrics/tests/test_bures_distance.py,4
toqito/state_metrics/tests/test_fidelity.py,4
toqito/state_metrics/tests/test_helstrom_holevo.py,4
toqito/state_metrics/tests/test_hilbert_schmidt.py,5
toqito/state_metrics/tests/test_matsumoto_fidelity.py,5
toqito/state_metrics/tests/test_sub_fidelity.py,4
toqito/state_metrics/tests/test_trace_distance.py,4
toqito/state_opt/tests/test_ppt_distinguishability.py,14
toqito/state_opt/tests/test_symmetric_extension_hierarchy.py,6
toqito/state_props/has_symmetric_extension.py,22
toqito/state_props/tests/test_is_separable.py,7
toqito/states/tests/test_singlet.py,3
toqito/helper/cvx_kron.py,14
toqito/helper/tests/test_cvx_kron.py,4
docs/tutorials.xor_quantum_value.rst,21
toqito/channel_metrics/fidelity_of_separability.py,20
toqito/nonlocal_games/xor_game.py,31
toqito/state_props/in_separable_ball.py,12
toqito/state_props/is_antidistinguishable.py,8
toqito/state_props/sk_vec_norm.py,12
toqito/matrix_props/is_doubly_nonnegative.py,2
toqito/matrix_props/tests/test_is_doubly_nonnegative.py,2
toqito/matrix_props/tests/test_is_nonnegative.py,2
toqito/matrices/tests/test_cyclic_permutation_matrix.py,1
toqito/helper/tests/test_npa_hierarchy.py,3
main.py,9
toqito/helper/tests/test_update_odometer.py,4
toqito/state_props/tests/test_in_separable_ball.py,5
toqito/matrix_props/tests/test_positive_semidefinite_rank.py,3
toqito/state_ops/tests/test_schmidt_decomposition.py,6
toqito/perms/tests/test_symmetric_projection.py,4
toqito/states/tests/test_ghz.py,6
docs/books.bib,2
docs/references.rst,2
docs/articles.bib,15
toqito/matrix_ops/tests/test_vector_to_density_matrix.py,7
toqito/perms/tests/test_perfect_matchings.py,4
toqito/perms/tests/test_permutation_operator.py,5
toqito/perms/tests/test_permute_systems.py,4
.pylintrc,12
toqito/channel_ops/tests/test_partial_channel.py,7
toqito/matrix_props/tests/test_kp_norm.py,5
.github/workflows/docs.yml,4
toqito/matrices/tests/test_gell_mann.py,5
toqito/matrices/tests/test_gen_pauli_z.py,1
toqito/matrices/tests/test_gen_pauli_x.py,1
toqito/rand/random_circulant_gram.py,19
toqito/measurements/tests/__init__.py,2
toqito/measurements/tests/test_pretty_bad_measurement.py,2
toqito/measurements/tests/test_pretty_good_measurement.py,2
docs/autoapi_members.rst,2
toqito/matrices/tests/test_gen_gell_mann.py,4
toqito/perms/tests/test_antisymmetric_projection.py,9
toqito/channel_metrics/tests/test_channel_fidelity.py,3
toqito/channel_metrics/tests/test_completely_bounded_spectral_norm.py,5
toqito/channel_metrics/tests/test_diamond_norm.py,4
toqito/channel_metrics/tests/test_fidelity_of_separability.py,3
toqito/channel_ops/tests/test_apply_channel.py,5
toqito/channel_ops/tests/test_choi_to_kraus.py,5
toqito/channel_ops/tests/test_dual_channel.py,5
toqito/channel_ops/tests/test_kraus_to_choi.py,4
toqito/channel_props/tests/test_choi_rank.py,4
toqito/channel_props/tests/test_is_completely_positive.py,3
toqito/channel_props/tests/test_is_herm_preserving.py,3
toqito/channel_props/tests/test_is_positive.py,3
toqito/channel_props/tests/test_is_quantum_channel.py,3
toqito/channel_props/tests/test_is_trace_preserving.py,4
toqito/channel_props/tests/test_is_unital.py,3
toqito/channel_props/tests/test_is_unitary.py,3
toqito/channels/tests/test_choi.py,4
toqito/channels/tests/test_dephasing.py,3
toqito/channels/tests/test_depolarizing.py,3
toqito/channels/tests/test_partial_trace.py,8
toqito/channels/tests/test_realignment.py,5
toqito/channels/tests/test_reduction.py,3
toqito/helper/tests/test_channel_dim.py,4
toqito/helper/tests/test_expr_as_np_array.py,3
toqito/helper/tests/test_np_array_as_expr.py,3
toqito/matrices/tests/test_cnot.py,3
toqito/matrices/tests/test_cyclic_permutation.py,4
toqito/matrices/tests/test_fourier.py,3
toqito/matrices/tests/test_gen_pauli.py,3
toqito/matrices/tests/test_hadamard.py,3
toqito/matrices/tests/test_pauli.py,4
toqito/matrices/tests/test_standard_basis.py,2
toqito/matrix_ops/tests/test_calculate_vector_matrix_dimension.py,3
toqito/matrix_ops/tests/test_unvec.py,5
toqito/matrix_ops/tests/test_vec.py,5
toqito/matrix_ops/tests/test_vectors_from_gram_matrix.py,9
toqito/matrix_ops/tests/test_vectors_to_gram_matrix.py,7
toqito/matrix_props/tests/test_has_same_dimension.py,2
toqito/matrix_props/tests/test_is_circulant.py,3
toqito/matrix_props/tests/test_is_commuting.py,3
toqito/matrix_props/tests/test_is_density.py,3
toqito/matrix_props/tests/test_is_diagonal.py,3
toqito/matrix_props/tests/test_is_diagonally_dominant.py,4
toqito/matrix_props/tests/test_is_idempotent.py,3
toqito/matrix_props/tests/test_is_identity.py,3
toqito/matrix_props/tests/test_is_linearly_independent.py,4
toqito/matrix_props/tests/test_is_normal.py,4
toqito/matrix_props/tests/test_is_orthonormal.py,4
toqito/matrix_props/tests/test_is_permutation.py,3
toqito/matrix_props/tests/test_is_positive_definite.py,3
toqito/matrix_props/tests/test_is_positive_semidefinite.py,3
toqito/matrix_props/tests/test_is_projection.py,4
toqito/matrix_props/tests/test_is_square.py,3
toqito/matrix_props/tests/test_is_symmetric.py,3
toqito/matrix_props/tests/test_is_totally_positive.py,5
toqito/matrix_props/tests/test_is_unitary.py,3
toqito/measurement_props/is_povm.py,12
toqito/measurement_props/tests/test_is_povm.py,3
toqito/nonlocal_games/__init__.py,4
toqito/nonlocal_games/tests/test_xor_game.py,3
toqito/perms/tests/test_perm_sign.py,3
toqito/perms/tests/test_swap.py,4
toqito/perms/tests/test_swap_operator.py,3
toqito/perms/tests/test_unique_perms.py,3
toqito/rand/tests/test_random_circulant_gram.py,3
toqito/state_metrics/tests/test_hilbert_schmidt_inner_product.py,4
toqito/state_opt/state_helper.py,4
toqito/state_opt/tests/test_optimal_clone.py,4
toqito/state_props/tests/test_concurrence.py,5
toqito/state_props/tests/test_entanglement_of_formation.py,6
toqito/state_props/tests/test_has_symmetric_extension.py,4
toqito/state_props/tests/test_is_antidistinguishable.py,6
toqito/state_props/tests/test_is_distinguishable.py,2
toqito/state_props/tests/test_is_ensemble.py,4
toqito/state_props/tests/test_is_mixed.py,5
toqito/state_props/tests/test_is_mutually_orthogonal.py,5
toqito/state_props/tests/test_is_mutually_unbiased_basis.py,8
toqito/state_props/tests/test_is_npt.py,4
toqito/state_props/tests/test_is_ppt.py,4
toqito/state_props/tests/test_is_product.py,5
toqito/state_props/tests/test_is_pure.py,5
toqito/state_props/tests/test_is_unextendible_product_basis.py,6
toqito/state_props/tests/test_l1_norm_coherence.py,2
toqito/state_props/tests/test_log_negativity.py,4
toqito/state_props/tests/test_negativity.py,4
toqito/state_props/tests/test_purity.py,4
toqito/state_props/tests/test_schmidt_rank.py,5
toqito/state_props/tests/test_sk_vec_norm.py,3
toqito/state_props/tests/test_von_neumann_entropy.py,4
toqito/states/pusey_barrett_rudolph.py,4
toqito/states/tests/test_basis.py,4
toqito/states/tests/test_bb84.py,2
toqito/states/tests/test_bell.py,4
toqito/states/tests/test_brauer.py,4
toqito/states/tests/test_breuer.py,4
toqito/states/tests/test_chessboard.py,2
toqito/states/tests/test_domino.py,4
toqito/states/tests/test_gen_bell.py,4
toqito/states/tests/test_gisin.py,2
toqito/states/tests/test_horodecki.py,3
toqito/states/tests/test_isotropic.py,3
toqito/states/tests/test_max_entangled.py,5
toqito/states/tests/test_max_mixed.py,2
toqito/states/tests/test_mutually_unbiased_basis.py,6
toqito/states/tests/test_pusey_barrett_rudolph.py,2
toqito/states/tests/test_tile.py,5
toqito/states/tests/test_trine.py,4
toqito/states/tests/test_w_state.py,4
toqito/states/tests/test_werner.py,7
toqito/states/tile.py,12
toqito/matrices/cyclic_permutation.py,7
.github/ISSUE_TEMPLATE/bug_report.md,2
.github/ISSUE_TEMPLATE.md,2
.github/ISSUE_TEMPLATE/custom.md,1
.github/ISSUE_TEMPLATE/feature_request.md,1
toqito/matrices/clock.py,7
toqito/matrices/shift.py,7
docs/figures/logo.png,1
docs/figures/logo.svg,2
docs/_autosummary/toqito.channel_metrics.channel_fidelity.rst,4
docs/_autosummary/toqito.channel_metrics.completely_bounded_spectral_norm.rst,2
docs/_autosummary/toqito.channel_metrics.completely_bounded_trace_norm.rst,2
docs/_autosummary/toqito.channel_metrics.diamond_norm.rst,4
docs/_autosummary/toqito.channel_metrics.fidelity_of_separability.rst,4
docs/_autosummary/toqito.channel_ops.apply_channel.rst,7
docs/_autosummary/toqito.channel_ops.choi_to_kraus.rst,7
docs/_autosummary/toqito.channel_ops.dual_channel.rst,4
docs/_autosummary/toqito.channel_ops.kraus_to_choi.rst,9
docs/_autosummary/toqito.channel_ops.partial_channel.rst,7
docs/_autosummary/toqito.channel_props.choi_rank.rst,4
docs/_autosummary/toqito.channel_props.is_completely_positive.rst,9
docs/_autosummary/toqito.channel_props.is_herm_preserving.rst,9
docs/_autosummary/toqito.channel_props.is_positive.rst,9
docs/_autosummary/toqito.channel_props.is_quantum_channel.rst,4
docs/_autosummary/toqito.channel_props.is_trace_preserving.rst,6
docs/_autosummary/toqito.channel_props.is_unital.rst,7
docs/_autosummary/toqito.channel_props.is_unitary.rst,4
docs/_autosummary/toqito.channels.choi.rst,9
docs/_autosummary/toqito.channels.dephasing.rst,9
docs/_autosummary/toqito.channels.depolarizing.rst,9
docs/_autosummary/toqito.channels.partial_trace.rst,9
docs/_autosummary/toqito.channels.partial_transpose.rst,9
docs/_autosummary/toqito.channels.realignment.rst,9
docs/_autosummary/toqito.channels.reduction.rst,9
docs/_autosummary/toqito.matrices.clock.rst,10
docs/_autosummary/toqito.matrices.cnot.rst,10
docs/_autosummary/toqito.matrices.cyclic_permutation_matrix.rst,2
docs/_autosummary/toqito.matrices.fourier.rst,10
docs/_autosummary/toqito.matrices.gell_mann.rst,10
docs/_autosummary/toqito.matrices.gen_gell_mann.rst,10
docs/_autosummary/toqito.matrices.gen_pauli.rst,10
docs/_autosummary/toqito.matrices.hadamard.rst,10
docs/_autosummary/toqito.matrices.pauli.rst,10
docs/_autosummary/toqito.matrices.shift.rst,10
docs/_autosummary/toqito.matrices.standard_basis.rst,6
docs/_autosummary/toqito.matrix_ops.inner_product.rst,9
docs/_autosummary/toqito.matrix_ops.outer_product.rst,9
docs/_autosummary/toqito.matrix_ops.tensor.rst,10
docs/_autosummary/toqito.matrix_ops.unvec.rst,8
docs/_autosummary/toqito.matrix_ops.vec.rst,10
docs/_autosummary/toqito.matrix_ops.vectors_from_gram_matrix.rst,2
docs/_autosummary/toqito.matrix_ops.vectors_to_gram_matrix.rst,2
docs/_autosummary/toqito.matrix_props.is_block_positive.rst,4
docs/_autosummary/toqito.matrix_props.is_circulant.rst,2
docs/_autosummary/toqito.matrix_props.is_commuting.rst,10
docs/_autosummary/toqito.matrix_props.is_density.rst,10
docs/_autosummary/toqito.matrix_props.is_diagonal.rst,10
docs/_autosummary/toqito.matrix_props.is_diagonally_dominant.rst,2
docs/_autosummary/toqito.matrix_props.is_hermitian.rst,10
docs/_autosummary/toqito.matrix_props.is_idempotent.rst,5
docs/_autosummary/toqito.matrix_props.is_identity.rst,8
docs/_autosummary/toqito.matrix_props.is_linearly_independent.rst,2
docs/_autosummary/toqito.matrix_props.is_normal.rst,10
docs/_autosummary/toqito.matrix_props.is_orthonormal.rst,6
docs/_autosummary/toqito.matrix_props.is_permutation.rst,6
docs/_autosummary/toqito.matrix_props.is_positive_definite.rst,8
docs/_autosummary/toqito.matrix_props.is_positive_semidefinite.rst,8
docs/_autosummary/toqito.matrix_props.is_projection.rst,10
docs/_autosummary/toqito.matrix_props.is_square.rst,10
docs/_autosummary/toqito.matrix_props.is_symmetric.rst,10
docs/_autosummary/toqito.matrix_props.is_totally_positive.rst,2
docs/_autosummary/toqito.matrix_props.is_unitary.rst,10
docs/_autosummary/toqito.matrix_props.kp_norm.rst,2
docs/_autosummary/toqito.matrix_props.majorizes.rst,10
docs/_autosummary/toqito.matrix_props.sk_operator_norm.rst,4
docs/_autosummary/toqito.matrix_props.trace_norm.rst,4
docs/_autosummary/toqito.measurement_ops.measure.rst,9
docs/_autosummary/toqito.measurement_props.is_povm.rst,9
docs/_autosummary/toqito.perms.antisymmetric_projection.rst,9
docs/_autosummary/toqito.perms.perfect_matchings.rst,9
docs/_autosummary/toqito.perms.perm_sign.rst,9
docs/_autosummary/toqito.perms.permutation_operator.rst,9
docs/_autosummary/toqito.perms.permute_systems.rst,9
docs/_autosummary/toqito.perms.swap.rst,9
docs/_autosummary/toqito.perms.swap_operator.rst,9
docs/_autosummary/toqito.perms.symmetric_projection.rst,9
docs/_autosummary/toqito.perms.unique_perms.rst,9
docs/_autosummary/toqito.rand.random_circulant_gram.rst,2
docs/_autosummary/toqito.rand.random_density_matrix.rst,2
docs/_autosummary/toqito.rand.random_ginibre.rst,2
docs/_autosummary/toqito.rand.random_povm.rst,2
docs/_autosummary/toqito.rand.random_state_vector.rst,2
docs/_autosummary/toqito.rand.random_states.rst,2
docs/_autosummary/toqito.rand.random_unitary.rst,2
docs/_autosummary/toqito.state_metrics.bures_angle.rst,3
docs/_autosummary/toqito.state_metrics.bures_distance.rst,4
docs/_autosummary/toqito.state_metrics.fidelity.rst,9
docs/_autosummary/toqito.state_metrics.fidelity_of_separability.rst,4
docs/_autosummary/toqito.state_metrics.helstrom_holevo.rst,9
docs/_autosummary/toqito.state_metrics.hilbert_schmidt.rst,9
docs/_autosummary/toqito.state_metrics.hilbert_schmidt_inner_product.rst,6
docs/_autosummary/toqito.state_metrics.matsumoto_fidelity.rst,4
docs/_autosummary/toqito.state_metrics.sub_fidelity.rst,9
docs/_autosummary/toqito.state_metrics.trace_distance.rst,9
docs/_autosummary/toqito.state_ops.pure_to_mixed.rst,9
docs/_autosummary/toqito.state_ops.schmidt_decomposition.rst,9
docs/_autosummary/toqito.state_opt.optimal_clone.rst,9
docs/_autosummary/toqito.state_opt.ppt_distinguishability.rst,9
docs/_autosummary/toqito.state_opt.state_distinguishability.rst,9
docs/_autosummary/toqito.state_opt.state_exclusion.rst,9
docs/_autosummary/toqito.state_opt.state_helper.rst,10
docs/_autosummary/toqito.state_opt.symmetric_extension_hierarchy.rst,9
docs/_autosummary/toqito.state_props.concurrence.rst,9
docs/_autosummary/toqito.state_props.entanglement_of_formation.rst,7
docs/_autosummary/toqito.state_props.has_symmetric_extension.rst,7
docs/_autosummary/toqito.state_props.in_separable_ball.rst,7
docs/_autosummary/toqito.state_props.is_antidistinguishable.rst,2
docs/_autosummary/toqito.state_props.is_ensemble.rst,9
docs/_autosummary/toqito.state_props.is_mixed.rst,9
docs/_autosummary/toqito.state_props.is_mutually_orthogonal.rst,7
docs/_autosummary/toqito.state_props.is_mutually_unbiased_basis.rst,7
docs/_autosummary/toqito.state_props.is_npt.rst,2
docs/_autosummary/toqito.state_props.is_ppt.rst,9
docs/_autosummary/toqito.state_props.is_product.rst,4
docs/_autosummary/toqito.state_props.is_pure.rst,9
docs/_autosummary/toqito.state_props.is_separable.rst,7
docs/_autosummary/toqito.state_props.is_unextendible_product_basis.rst,2
docs/_autosummary/toqito.state_props.l1_norm_coherence.rst,9
docs/_autosummary/toqito.state_props.log_negativity.rst,6
docs/_autosummary/toqito.state_props.negativity.rst,9
docs/_autosummary/toqito.state_props.purity.rst,9
docs/_autosummary/toqito.state_props.schmidt_rank.rst,9
docs/_autosummary/toqito.state_props.sk_vector_norm.rst,3
docs/_autosummary/toqito.state_props.von_neumann_entropy.rst,9
docs/_autosummary/toqito.states.basis.rst,9
docs/_autosummary/toqito.states.bb84.rst,2
docs/_autosummary/toqito.states.bell.rst,9
docs/_autosummary/toqito.states.brauer.rst,9
docs/_autosummary/toqito.states.breuer.rst,9
docs/_autosummary/toqito.states.chessboard.rst,9
docs/_autosummary/toqito.states.domino.rst,9
docs/_autosummary/toqito.states.gen_bell.rst,9
docs/_autosummary/toqito.states.ghz.rst,9
docs/_autosummary/toqito.states.gisin.rst,9
docs/_autosummary/toqito.states.horodecki.rst,9
docs/_autosummary/toqito.states.isotropic.rst,9
docs/_autosummary/toqito.states.max_entangled.rst,9
docs/_autosummary/toqito.states.max_mixed.rst,9
docs/_autosummary/toqito.states.mutually_unbiased_basis.rst,2
docs/_autosummary/toqito.states.pusey_barrett_rudolph.rst,2
docs/_autosummary/toqito.states.singlet.rst,4
docs/_autosummary/toqito.states.tile.rst,9
docs/_autosummary/toqito.states.trine.rst,2
docs/_autosummary/toqito.states.w_state.rst,9
docs/_autosummary/toqito.states.werner.rst,9
docs/channels.rst,22
docs/matrices.rst,28
docs/measurements.rst,8
docs/nonlocal_games.rst,9
docs/perms.rst,8
docs/rand.rst,5
docs/states.rst,36
docs/tutorials.rst,14
toqito/state_props/test_is_distinguishable.py,1
.github/workflows/publish-release.yml,2
.github/CONTRIBUTING.md,7
docs/code_of_conduct.rst,1
.github/workflows/update-copyright-year.yml,5
LICENSE,5
toqito/states/pusey_barret_rudolph.py,3
toqito/states/tests/test_pusey_barret_rudolph.py,2
toqito/helper/tests/test_npa_constraints.py,4
linter.sh,2
docs/_autosummary/toqito.random.random_density_matrix.rst,9
docs/_autosummary/toqito.random.random_ginibre.rst,9
docs/_autosummary/toqito.random.random_povm.rst,9
docs/_autosummary/toqito.random.random_state_vector.rst,9
docs/_autosummary/toqito.random.random_unitary.rst,9
docs/random.rst,7
tests/__init__.py,3
toqito/channel_metrics/tests/__init__.py,1
toqito/channel_ops/tests/__init__.py,1
toqito/channel_props/tests/__init__.py,1
toqito/channels/tests/__init__.py,1
toqito/helper/tests/__init__.py,1
toqito/matrices/tests/__init__.py,1
toqito/matrix_ops/tests/__init__.py,1
toqito/matrix_props/tests/__init__.py,1
toqito/measurement_ops/tests/__init__.py,1
toqito/measurement_props/tests/__init__.py,1
toqito/nonlocal_games/tests/__init__.py,1
toqito/perms/tests/__init__.py,1
toqito/rand/tests/__init__.py,1
toqito/random/__init__.py,5
toqito/state_metrics/tests/__init__.py,1
toqito/state_metrics/tests/test_fidelity_of_separability.py,1
toqito/state_ops/tests/__init__.py,1
toqito/state_opt/tests/__init__.py,1
toqito/state_props/tests/__init__.py,1
toqito/states/tests/__init__.py,1
.readthedocs.yaml,2
.readthedocs.yml,12
tests/test_state_props/test_is_mutually_orthogonal.py,4
tests/test_matrices/test_iden.py,6
toqito/matrices/iden.py,4
_config.yml,2
tests/test_matrix_props/test_kp_norm.py,1
tests/test_state_props/test_schmidt_rank.py,6
tests/test_state_props/test_is_npt.py,3
tests/test_state_props/test_is_ppt.py,3
tests/test_state_props/test_is_product.py,3
tests/test_state_props/test_is_pure.py,3
tests/test_state_props/test_is_separable.py,11
tests/test_state_props/test_l1_norm_coherence.py,3
tests/test_state_props/test_log_negativity.py,2
tests/test_state_props/test_negativity.py,2
tests/test_state_props/test_purity.py,3
tests/test_state_props/test_sk_vec_norm.py,3
tests/test_state_props/test_von_neumann_entropy.py,3
tests/test_states/test_chessboard.py,8
tests/test_states/test_gen_bell.py,9
tests/test_states/test_ghz.py,11
tests/test_states/test_gisin.py,8
tests/test_states/test_horodecki.py,8
tests/test_states/test_isotropic.py,3
tests/test_states/test_max_entangled.py,9
tests/test_states/test_max_mixed.py,8
tests/test_states/test_singlet.py,7
tests/test_states/test_w_state.py,11
tests/test_states/test_breuer.py,6
tests/test_channel_metrics/test_completely_bounded_trace_norm.py,17
tests/test_channel_metrics/test_channel_fidelity.py,6
tests/test_states/test_domino.py,9
tests/test_states/test_tile.py,10
tests/test_states/test_brauer.py,3
tests/test_states/test_bell.py,9
tests/test_states/test_basis.py,7
tests/test_state_props/test_concurrence.py,2
tests/test_state_props/test_entanglement_of_formation.py,3
tests/test_state_props/test_has_symmetric_extension.py,3
tests/test_state_props/test_in_separable_ball.py,3
tests/test_state_props/test_is_ensemble.py,2
tests/test_state_props/test_is_mixed.py,2
tests/test_state_props/test_is_mutually_unbiased_basis.py,2
tests/test_states/test_werner.py,7
tests/test_state_metrics/test_matsumoto_fidelity.py,6
tests/test_helper/test_npa_constraints.py,7
tests/test_channel_ops/test_dual_channel.py,7
tests/test_nonlocal_games/test_xor_game.py,13
toqito/random/random_povm.py,18
.isort.cfg,1
tests/test_channel_metrics/test_completely_bounded_spectral_norm.py,7
tests/test_channel_metrics/test_diamond_norm.py,4
tests/test_channel_metrics/test_fidelity_of_separability.py,6
tests/test_channel_ops/test_apply_channel.py,4
tests/test_channel_ops/test_kraus_to_choi.py,6
tests/test_channels/test_dephasing.py,11
tests/test_channels/test_depolarizing.py,11
tests/test_channels/test_partial_trace.py,18
tests/test_matrices/test_standard_basis.py,2
tests/test_matrix_props/test_is_block_positive.py,5
tests/test_matrix_props/test_sk_norm.py,6
tests/test_nonlocal_games/test_extended_nonlocal_game.py,12
tests/test_nonlocal_games/test_nonlocal_game.py,21
tests/test_nonlocal_games/test_quantum_hedging.py,7
tests/test_random/test_random_density_matrix.py,7
tests/test_random/test_random_povm.py,8
tests/test_random/test_random_unitary.py,7
tests/test_state_metrics/test_bures_angle.py,2
tests/test_state_metrics/test_bures_distance.py,7
tests/test_state_metrics/test_fidelity.py,3
tests/test_state_metrics/test_fidelity_of_separability.py,8
tests/test_state_metrics/test_hilbert_schmidt_inner_product.py,5
tests/test_state_metrics/test_sub_fidelity.py,3
tests/test_state_ops/test_schmidt_decomposition.py,5
tests/test_state_opt/test_optimal_clone.py,9
tests/test_state_opt/test_ppt_distinguishability.py,10
tests/test_state_opt/test_symmetric_extension_hierarchy.py,13
toqito/random/random_density_matrix.py,14
toqito/random/random_state_vector.py,19
toqito/random/random_unitary.py,19
Pipfile,13
setup.cfg,3
toqito/__init__.py,13
.flake8,1
tests/test_matrix_ops/test_vectors_from_gram_matrix.py,2
tests/test_matrix_ops/test_vectors_to_gram_matrix.py,2
tests/test_state_opt/test_state_exclusion.py,11
tests/test_matrix_props/test_is_circulant.py,1
docs/_autosummary/toqito.matrices.iden.rst,8
docs/_autosummary/toqito.state_metrics.trace_norm.rst,8
tests/test_channel_ops/test_partial_channel.py,3
tests/test_channels/test_partial_transpose.py,16
tests/test_matrix_ops/test_inner_product.py,2
tests/test_matrix_ops/test_outer_product.py,3
tests/test_matrix_props/test_is_positive_definite.py,3
tests/test_matrix_props/test_is_diagonally_dominant.py,3
tests/test_matrix_props/test_trace_norm.py,1
tests/test_channel_props/test_is_unitary.py,4
tests/test_channel_ops/test_choi_to_kraus.py,3
tests/test_matrix_ops/test_unvec.py,2
tests/test_channel_props/test_is_unital.py,3
tests/test_helper/test_channel_dim.py,3
tests/test_matrix_props/test_majorizes.py,3
.travis.yml,25
toqito/channel_metrics/diamond_norm_distance.py,1
toqito/state_metrics/trace_norm.py,4
CITATION.bib,2
tests/test_matrix_props/test_is_orthonormal.py,1
toqito/helper/kp_norm.py,2
tests/test_state_props/test_schmidt_decomposition.py,2
toqito/state_props/schmidt_decomposition.py,3
paper/paper.md,14
citation.bib,1
tests/test_matrix_props/test_is_permutation.py,14
tests/test_channel_props/test_is_quantum_channel.py,2
tests/test_perms/test_permutation_operator.py,7
tests/test_perms/test_symmetric_projection.py,11
docs/_autosummary/toqito.state_props.is_product_vector.rst,7
toqito/state_props/is_product_vector.py,6
tests/test_state_props/test_is_product_vector.py,4
paper/paper.bib,6
tests/test_matrices/test_hadamard.py,7
tests/test_perms/test_swap.py,10
tests/test_perms/test_permute_systems.py,10
docs/getting_started.md,5
.vscode/settings.json,2
.codecov.yml,2
tests/test_state_opt/test_state_distinguishability.py,4
tests/test_matrix_props/test_is_idempotent.py,1
.github/FUNDING.yml,4
tests/test_channel_props/test_choi_rank.py,3
tests/test_channel_props/test_is_trace_preserving.py,1
docs/paper/paper.bib,5
docs/paper/paper.md,11
docs/_autosummary/toqito.channel_metrics.sqrt_channel_fidelity.rst,3
tests/test_channel_metrics/test_sqrt_channel_fidelity.py,3
toqito/channel_metrics/sqrt_channel_fidelity.py,5
tests/test_channels/test_realignment.py,8
tests/test_matrices/test_fourier.py,6
tests/test_matrices/test_gen_gell_mann.py,14
tests/test_matrix_ops/test_tensor.py,2
tests/test_measurement_props/test_is_povm.py,2
tests/test_perms/test_antisymmetric_projection.py,7
toqito/random/random_ginibre.py,14
tests/test_channel_metrics/__init__.py,1
tests/test_matrix_props/test_is_normal.py,3
docs/tutorials.nonlocal_quantum_lower_bound.rst,7
docs/_autosummary/toqito.channel_ops.apply_map.rst,4
docs/_autosummary/toqito.channel_ops.partial_map.rst,4
tests/test_matrix_props/test_is_identity.py,1
tests/test_helper/test_cvx_kron.py,1
docs/_autosummary/toqito.state_props.is_mub.rst,4
docs/_autosummary/toqito.matrix_props.is_pd.rst,4
docs/_autosummary/toqito.matrix_props.is_psd.rst,4
tests/test_matrix_props/test_is_hermitian.py,2
tests/test_matrix_props/test_is_pd.py,2
tests/test_matrix_props/test_is_positive_semidefinite.py,1
tests/test_matrix_props/test_is_projection.py,2
tests/test_matrix_props/test_is_psd.py,2
tests/test_matrix_props/test_is_square.py,2
tests/test_matrix_props/test_is_symmetric.py,2
tests/test_matrix_props/test_is_unitary.py,2
toqito/channel_ops/apply_map.py,2
toqito/channel_ops/partial_map.py,2
tests/test_channel_props/test_is_completely_positive.py,1
tests/test_channel_props/test_is_herm_preserving.py,1
tests/test_channel_props/test_is_positive.py,1
toqito/matrix_props/is_pd.py,2
toqito/matrix_props/is_psd.py,2
toqito/state_props/is_mub.py,3
docs/_autosummary/toqito.state_metrics.von_neumann_entropy.rst,2
docs/_autosummary/toqito.state_opt.conclusive_state_exclusion.rst,2
docs/_autosummary/toqito.state_opt.unambiguous_state_exclusion.rst,2
tests/test_state_opt/test_conclusive_state_exclusion.py,2
tests/test_state_opt/test_unambiguous_state_exclusion.py,2
toqito/state_opt/unambiguous_state_exclusion.py,3
tests/test_channel_ops/test_partial_map.py,2
tests/test_channel_ops/test_apply_map.py,2
tests/test_random/test_random_state_vector.py,7
tests/test_channels/test_reduction.py,9
tests/test_perms/test_perfect_matchings.py,2
toqito/state_metrics/purity.py,3
docs/_autosummary/toqito.state_metrics.purity.rst,2
docs/figures/measurement_inclusions.svg,1
docs/_autosummary/toqito.channels.partial_trace_cvx.rst,2
toqito/channels/partial_trace_cvx.py,2
docs/tutorials.quantum_hedging.rst,3
docs/tutorials.quantum_money.rst,3
toqito/state_metrics/von_neumann_entropy.py,2
toqito/state_opt/conclusive_state_exclusion.py,2
tests/test_nonlocal_games/test_quantum_money.py,7
toqito/nonlocal_games/quantum_money.py,5
tests/test_channel_ops/__init__.py,1
tests/test_channel_props.py,2
tests/test_channel_props/__init__.py,1
tests/test_channel_props/is_completely_positive.py,1
tests/test_channel_props/is_herm_preserving.py,1
tests/test_channel_props/is_positive.py,1
tests/test_channels.py,3
tests/test_channels/__init__.py,4
tests/test_channels/test_choi.py,1
tests/test_helper/__init__.py,4
tests/test_helper/test_expr_as_np_array.py,1
tests/test_helper/test_np_array_as_expr.py,1
tests/test_helper/test_update_odometer.py,6
tests/test_matrices.py,2
tests/test_matrices/__init__.py,3
tests/test_matrices/test_cnot.py,5
tests/test_matrices/test_gell_mann.py,5
tests/test_matrices/test_gen_pauli.py,5
tests/test_matrices/test_pauli.py,5
tests/test_matrix_ops/__init__.py,1
tests/test_matrix_ops/test_vec.py,1
tests/test_matrix_props.py,2
tests/test_matrix_props/__init__.py,1
tests/test_matrix_props/test_is_commuting.py,1
tests/test_matrix_props/test_is_density.py,1
tests/test_matrix_props/test_is_diagonal.py,1
tests/test_measurement_ops/__init__.py,1
tests/test_measurement_ops/test_measure.py,1
tests/test_measurement_props/__init__.py,1
tests/test_perms.py,2
tests/test_perms/__init__.py,4
tests/test_perms/test_perm_sign.py,6
tests/test_perms/test_swap_operator.py,6
tests/test_perms/test_unique_perms.py,6
tests/test_random.py,2
tests/test_random/__init__.py,4
tests/test_random/test_random_ginibre.py,6
tests/test_state_metrics.py,2
tests/test_state_metrics/__init__.py,1
tests/test_state_metrics/test_helstrom_holevo.py,1
tests/test_state_metrics/test_hilbert_schmidt.py,1
tests/test_state_metrics/test_purity.py,1
tests/test_state_metrics/test_trace_distance.py,1
tests/test_state_metrics/test_trace_norm.py,1
tests/test_state_metrics/test_von_neumann_entropy.py,1
tests/test_state_ops/__init__.py,1
tests/test_state_ops/test_pure_to_mixed.py,1
tests/test_state_opt.py,2
tests/test_state_opt/__init__.py,1
tests/test_state_props.py,2
tests/test_state_props/__init__.py,1
tests/test_state_props/test_is_mub.py,1
tests/test_states.py,2
tests/test_states/__init__.py,4
docs/tutorial.ipynb,2
toqito/channel_ops.py,4
toqito/channel_props.py,6
toqito/channels.py,7
toqito/matrices.py,3
toqito/matrix_props.py,4
toqito/perms.py,3
toqito/random.py,4
toqito/state_metrics.py,5
toqito/state_opt.py,2
toqito/state_props.py,4
toqito/states.py,3
docs/figures/favicon.ico,1
docs/install.md,1
tests/test_channel_ops.py,3
tests/test_channels/test_apply_map.py,6
tests/test_channels/test_choi_map.py,6
tests/test_channels/test_is_completely_positive.py,5
tests/test_channels/test_is_herm_preserving.py,5
tests/test_channels/test_is_positive.py,5
tests/test_channels/test_kraus_to_choi.py,5
tests/test_channels/test_partial_map.py,6
tests/test_helper.py,1
tests/test_helper/test_cvxpy_helper.py,5
tests/test_matrices/test_is_commuting.py,4
tests/test_matrices/test_is_density.py,5
tests/test_matrices/test_is_diagonal.py,4
tests/test_matrices/test_is_hermitian.py,4
tests/test_matrices/test_is_normal.py,4
tests/test_matrices/test_is_pd.py,4
tests/test_matrices/test_is_projection.py,4
tests/test_matrices/test_is_psd.py,4
tests/test_matrices/test_is_square.py,4
tests/test_matrices/test_is_symmetric.py,5
tests/test_matrices/test_is_unitary.py,5
tests/test_matrices/test_vec.py,4
tests/test_matrix_ops.py,1
tests/test_measurement_ops.py,1
tests/test_measurement_props.py,1
tests/test_measurements/__init__.py,3
tests/test_measurements/test_is_povm.py,5
tests/test_measurements/test_measure.py,2
tests/test_state_distinguish.py,1
tests/test_state_ops.py,1
tests/test_states/test_conclusive_state_exclusion.py,6
tests/test_states/test_concurrence.py,5
tests/test_states/test_fidelity.py,5
tests/test_states/test_helstrom_holevo.py,6
tests/test_states/test_hilbert_schmidt.py,6
tests/test_states/test_is_ensemble.py,5
tests/test_states/test_is_mixed.py,5
tests/test_states/test_is_mub.py,5
tests/test_states/test_is_ppt.py,5
tests/test_states/test_is_product_vector.py,5
tests/test_states/test_is_pure.py,5
tests/test_states/test_isotropic_state.py,5
tests/test_states/test_negativity.py,5
tests/test_states/test_ppt_distinguishability.py,6
tests/test_states/test_pure_to_mixed.py,5
tests/test_states/test_purity.py,6
tests/test_states/test_schmidt_decomposition.py,6
tests/test_states/test_schmidt_rank.py,5
tests/test_states/test_state_distinguishability.py,6
tests/test_states/test_sub_fidelity.py,5
tests/test_states/test_tensor.py,8
tests/test_states/test_trace_distance.py,6
tests/test_states/test_trace_norm.py,5
tests/test_states/test_unambiguous_state_exclusion.py,6
tests/test_states/test_von_neumann_entropy.py,6
toqito/state_distinguish.py,8
toqito/measurement_ops.py,1
toqito/matrix_ops.py,2
toqito/state_ops.py,7
docs/figures/extended_nonlocal_game.svg,1
docs/figures/extended_nonlocal_game.tex,1
toqito/measurement_props.py,2
docs/figures/alice_and_bob.tex,1
docs/figures/logo.tex,1
docs/figures/nonlocal_game.tex,1
docs/figures/nonlocal_game_quantum_strategy.tex,1
docs/figures/quantum_state_distinguish.svg,1
docs/figures/quantum_state_distinguish.tex,1
docs/figures/referee.tex,1
docs/tutorials.conclusive_state_exclusion.rst,3
docs/tutorials.ppt_distinguishability.rst,3
docs/tutorials.superdense_coding.rst,2
docs/channels.channels.rst,3
docs/channels.operations.rst,2
docs/channels.properties.rst,2
docs/core.core.rst,3
docs/core.rst,4
docs/helper.helper.rst,3
docs/helper.rst,4
docs/linear_algebra.matrices.rst,4
docs/linear_algebra.operations.rst,3
docs/linear_algebra.properties.rst,2
docs/linear_algebra.rst,3
docs/measurements.properties.rst,2
docs/nonlocal_games.nonlocal_games.rst,3
docs/nonlocal_games.quantum_hedging.rst,3
docs/nonlocal_games.quantum_money.rst,3
docs/perms.perms.rst,2
docs/random.random.rst,2
docs/states.distance.rst,2
docs/states.entanglement.rst,2
docs/states.operations.rst,3
docs/states.optimizations.rst,2
docs/states.properties.rst,2
docs/states.states.rst,2
tests/test_core/__init__.py,3
tests/test_core/test_bra.py,2
tests/test_nonlocal_games/test_weak_coin_flipping.py,2
toqito/channels/channels/__init__.py,2
toqito/channels/channels/choi_map.py,5
toqito/channels/channels/dephasing.py,4
toqito/channels/channels/depolarizing.py,4
toqito/channels/channels/partial_map.py,4
toqito/channels/channels/partial_trace.py,4
toqito/channels/channels/partial_transpose.py,4
toqito/channels/channels/realignment.py,3
toqito/channels/channels/reduction_map.py,3
toqito/channels/operations/__init__.py,2
toqito/channels/operations/apply_map.py,3
toqito/channels/properties/__init__.py,2
toqito/channels/properties/is_completely_positive.py,3
toqito/channels/properties/is_herm_preserving.py,3
toqito/channels/properties/is_positive.py,2
toqito/core/__init__.py,2
toqito/core/bra.py,2
toqito/core/ket.py,2
toqito/helper.py,1
toqito/helper/cvxpy_helper.py,3
toqito/linear_algebra/__init__.py,2
toqito/linear_algebra/matrices/__init__.py,2
toqito/linear_algebra/matrices/clock.py,4
toqito/linear_algebra/matrices/cnot.py,3
toqito/linear_algebra/matrices/fourier.py,4
toqito/linear_algebra/matrices/gell_mann.py,4
toqito/linear_algebra/matrices/gen_gell_mann.py,4
toqito/linear_algebra/matrices/gen_pauli.py,4
toqito/linear_algebra/matrices/hadamard.py,5
toqito/linear_algebra/matrices/iden.py,4
toqito/linear_algebra/matrices/pauli.py,6
toqito/linear_algebra/matrices/shift.py,5
toqito/linear_algebra/operations/__init__.py,2
toqito/linear_algebra/properties/__init__.py,2
toqito/linear_algebra/properties/is_commuting.py,4
toqito/linear_algebra/properties/is_density.py,3
toqito/linear_algebra/properties/is_diagonal.py,3
toqito/linear_algebra/properties/is_hermitian.py,3
toqito/linear_algebra/properties/is_normal.py,3
toqito/linear_algebra/properties/is_pd.py,3
toqito/linear_algebra/properties/is_projection.py,3
toqito/linear_algebra/properties/is_psd.py,3
toqito/linear_algebra/properties/is_square.py,3
toqito/linear_algebra/properties/is_symmetric.py,3
toqito/linear_algebra/properties/is_unitary.py,5
toqito/measurements/properties/__init__.py,2
toqito/nonlocal_games/bit_commitment/__init__.py,2
toqito/nonlocal_games/coin_flipping/__init__.py,4
toqito/nonlocal_games/coin_flipping/weak_coin_flipping.py,10
toqito/nonlocal_games/die_rolling/__init__.py,2
toqito/nonlocal_games/extended_nonlocal_games/__init__.py,3
toqito/nonlocal_games/quantum_hedging/__init__.py,2
toqito/nonlocal_games/quantum_money/__init__.py,2
toqito/nonlocal_games/quantum_money/counterfeit_attack.py,8
toqito/states/distance/__init__.py,2
toqito/states/distance/fidelity.py,3
toqito/states/distance/helstrom_holevo.py,3
toqito/states/distance/hilbert_schmidt.py,4
toqito/states/distance/purity.py,4
toqito/states/distance/sub_fidelity.py,4
toqito/states/distance/trace_distance.py,5
toqito/states/distance/trace_norm.py,3
toqito/states/distance/von_neumann_entropy.py,3
toqito/states/entanglement/__init__.py,2
toqito/states/entanglement/concurrence.py,5
toqito/states/entanglement/negativity.py,3
toqito/states/entanglement/schmidt_rank.py,3
toqito/states/operations/__init__.py,3
toqito/states/operations/pure_to_mixed.py,4
toqito/states/operations/schmidt_decomposition.py,6
toqito/states/operations/tensor.py,2
toqito/states/optimizations/__init__.py,2
toqito/states/optimizations/conclusive_state_exclusion.py,3
toqito/states/optimizations/ppt_distinguishability.py,5
toqito/states/optimizations/state_cloning.py,2
toqito/states/optimizations/state_distinguishability.py,4
toqito/states/optimizations/unambiguous_state_exclusion.py,4
toqito/states/properties/__init__.py,3
toqito/states/properties/is_ensemble.py,3
toqito/states/properties/is_mixed.py,5
toqito/states/properties/is_mub.py,4
toqito/states/properties/is_ppt.py,4
toqito/states/properties/is_product_vector.py,3
toqito/states/properties/is_pure.py,5
toqito/states/properties/is_quantum_latin_square.py,2
toqito/states/states/__init__.py,3
toqito/states/states/bell.py,6
toqito/states/states/chessboard.py,4
toqito/states/states/domino.py,6
toqito/states/states/gen_bell.py,5
toqito/states/states/ghz.py,4
toqito/states/states/gisin.py,4
toqito/states/states/horodecki.py,4
toqito/states/states/isotropic.py,4
toqito/states/states/max_entangled.py,5
toqito/states/states/max_mixed.py,6
toqito/states/states/tile.py,2
toqito/states/states/w_state.py,5
toqito/states/states/werner.py,4
tests/test_nonlocal_games/test_two_player_quantum_lower_bound.py,3
toqito/nonlocal_games/nonlocal_games/__init__.py,3
toqito/nonlocal_games/nonlocal_games/two_player_quantum_lower_bound.py,4
docs/nonlocal_games.coin_flipping.rst,3
docs/nonlocal_games.xor_games.rst,3
toqito/nonlocal_games/xor_games/__init__.py,3
toqito/nonlocal_games/xor_games/xor_game.py,1
tests/test_linear_algebra/__init__.py,2
tests/test_nonlocal_games/__init__.py,2
tests/test_core/test_ket.py,1
tests/test_linear_algebra/test_cnot.py,1
tests/test_linear_algebra/test_fourier.py,1
tests/test_linear_algebra/test_gell_mann.py,1
tests/test_linear_algebra/test_gen_gell_mann.py,1
tests/test_linear_algebra/test_gen_pauli.py,1
tests/test_linear_algebra/test_hadamard.py,1
tests/test_linear_algebra/test_iden.py,1
tests/test_linear_algebra/test_is_commuting.py,1
tests/test_linear_algebra/test_is_density.py,1
tests/test_linear_algebra/test_is_diagonal.py,1
tests/test_linear_algebra/test_is_hermitian.py,1
tests/test_linear_algebra/test_is_normal.py,1
tests/test_linear_algebra/test_is_pd.py,1
tests/test_linear_algebra/test_is_projection.py,1
tests/test_linear_algebra/test_is_psd.py,1
tests/test_linear_algebra/test_is_square.py,1
tests/test_linear_algebra/test_is_symmetric.py,1
tests/test_linear_algebra/test_is_unitary.py,1
tests/test_linear_algebra/test_pauli.py,1
tests/test_linear_algebra/test_vec.py,1
tests/test_nonlocal_games/test_counterfeit_attack.py,1
tests/test_nonlocal_games/test_hedging_value.py,1
tests/test_nonlocal_games/test_xor_game_value.py,1
toqito/linear_algebra/operations/vec.py,3
docs/install.rst,2
docs/examples.nonlocal_quantum_lower_bound.rst,2
docs/figures/nonlocal_game_quantum_strategy.svg,1
docs/examples.conclusive_state_exclusion.rst,1
docs/examples.ppt_distinguishability.rst,1
docs/examples.rst,1
docs/examples.state_distinguishability.rst,1
docs/examples.superdense_coding.rst,1
docs/examples.xor_quantum_value.rst,1
docs/figures/alice_and_bob.svg,1
docs/figures/nonlocal_game.svg,1
docs/figures/referee.svg,1
toqito/nonlocal_games/xor_games/xor_game_value.py,14
tests/test_cnot.py,1
tests/test_hadamard.py,2
tests/test_pauli.py,4
tests/test_counterfeit_attack.py,5
tests/test_entropy.py,9
tests/test_fourier.py,1
tests/test_ghz.py,5
tests/test_tensor.py,11
tests/test_w_state.py,13
toqito/nonlocal_games/quantum_hedging/hedging_value.py,3
toqito/states/distance/entropy.py,3
docs/notebooks/base/bra.ipynb,3
docs/notebooks/base/ket.ipynb,4
docs/notebooks/entanglement/concurrence.ipynb,4
docs/notebooks/entanglement/negativity.ipynb,4
docs/notebooks/matrix/matrices/clock.ipynb,4
docs/notebooks/matrix/matrices/fourier.ipynb,4
docs/notebooks/matrix/matrices/gell_mann.ipynb,4
docs/notebooks/matrix/matrices/gen_gell_mann.ipynb,3
docs/notebooks/matrix/matrices/gen_pauli.ipynb,3
docs/notebooks/matrix/matrices/iden.ipynb,3
docs/notebooks/matrix/matrices/pauli.ipynb,3
docs/notebooks/matrix/matrices/shift.ipynb,4
docs/notebooks/matrix/operations/tensor.ipynb,4
docs/notebooks/matrix/operations/vec.ipynb,3
docs/notebooks/matrix/properties/is_density.ipynb,3
docs/notebooks/matrix/properties/is_diagonal.ipynb,3
docs/notebooks/matrix/properties/is_hermitian.ipynb,3
docs/notebooks/matrix/properties/is_normal.ipynb,3
docs/notebooks/matrix/properties/is_pd.ipynb,3
docs/notebooks/matrix/properties/is_projection.ipynb,3
docs/notebooks/matrix/properties/is_psd.ipynb,3
docs/notebooks/matrix/properties/is_square.ipynb,3
docs/notebooks/matrix/properties/is_symmetric.ipynb,3
docs/notebooks/matrix/properties/is_unitary.ipynb,3
docs/notebooks/measure/is_povm.ipynb,3
docs/notebooks/nonlocal_games/hedging/hedging.ipynb,4
docs/notebooks/nonlocal_games/nonlocal_games/two_player_quantum_lower_bound.ipynb,5
docs/notebooks/nonlocal_games/xor_games/xor_game_value.ipynb,2
docs/notebooks/perms/antisymmetric_projection.ipynb,2
docs/notebooks/perms/perm_sign.ipynb,2
docs/notebooks/perms/permutation_operator.ipynb,2
docs/notebooks/perms/permute_systems.ipynb,2
docs/notebooks/perms/swap.ipynb,2
docs/notebooks/perms/swap_operator.ipynb,2
docs/notebooks/perms/symmetric_projection.ipynb,2
docs/notebooks/perms/unique_perms.ipynb,2
docs/notebooks/random/random_density_matrix.ipynb,3
docs/notebooks/random/random_povm.ipynb,2
docs/notebooks/random/random_state_vector.ipynb,3
docs/notebooks/random/random_unitary.ipynb,4
docs/notebooks/state/distance/entropy.ipynb,3
docs/notebooks/state/distance/fidelity.ipynb,3
docs/notebooks/state/distance/helstrom_holevo.ipynb,4
docs/notebooks/state/distance/purity.ipynb,4
docs/notebooks/state/distance/super_fidelity.ipynb,3
docs/notebooks/state/distance/trace_distance.ipynb,4
docs/notebooks/state/distance/trace_norm.ipynb,4
docs/notebooks/state/operations/pure_to_mixed.ipynb,3
docs/notebooks/state/operations/schmidt_decomposition.ipynb,3
docs/notebooks/state/operations/schmidt_rank.ipynb,4
docs/notebooks/state/optimizations/conclusive_state_exclusion.ipynb,4
docs/notebooks/state/optimizations/unambiguous_state_exclusion.ipynb,3
docs/notebooks/state/properties/is_mixed.ipynb,4
docs/notebooks/state/properties/is_ppt.ipynb,3
docs/notebooks/state/properties/is_pure.ipynb,6
docs/notebooks/state/states/bell.ipynb,3
docs/notebooks/state/states/chessboard.ipynb,3
docs/notebooks/state/states/domino.ipynb,3
docs/notebooks/state/states/gen_bell.ipynb,3
docs/notebooks/state/states/ghz.ipynb,3
docs/notebooks/state/states/gisin.ipynb,3
docs/notebooks/state/states/horodecki.ipynb,3
docs/notebooks/state/states/isotropic.ipynb,4
docs/notebooks/state/states/max_entangled.ipynb,3
docs/notebooks/state/states/max_mixed.ipynb,3
docs/notebooks/state/states/w_state.ipynb,3
docs/notebooks/state/states/werner.ipynb,3
docs/notebooks/super_operators/apply_map.ipynb,3
docs/notebooks/super_operators/choi_map.ipynb,3
docs/notebooks/super_operators/dephasing_channel.ipynb,3
docs/notebooks/super_operators/depolarizing_channel.ipynb,3
docs/notebooks/super_operators/partial_trace.ipynb,3
docs/notebooks/super_operators/partial_transpose.ipynb,4
docs/notebooks/super_operators/realignment.ipynb,3
docs/notebooks/super_operators/reduction_map.ipynb,3
docs/toqito.rst,5
docs/source/channels.channels.rst,1
docs/source/channels.operations.rst,1
docs/source/channels.properties.rst,1
docs/source/channels.rst,1
docs/source/core.core.rst,1
docs/source/core.rst,1
docs/source/helper.helper.rst,1
docs/source/helper.rst,1
docs/source/index.rst,4
docs/source/linear_algebra.matrices.rst,1
docs/source/linear_algebra.operations.rst,1
docs/source/linear_algebra.properties.rst,1
docs/source/linear_algebra.rst,1
docs/source/measurements.properties.rst,1
docs/source/measurements.rst,1
docs/source/modules.rst,4
docs/source/nonlocal_games.coin_flipping.rst,1
docs/source/nonlocal_games.nonlocal_games.rst,1
docs/source/nonlocal_games.quantum_hedging.rst,1
docs/source/nonlocal_games.quantum_money.rst,1
docs/source/nonlocal_games.rst,1
docs/source/nonlocal_games.xor_games.rst,1
docs/source/perms.perms.rst,1
docs/source/perms.rst,1
docs/source/random.random.rst,1
docs/source/random.rst,1
docs/source/states.distance.rst,1
docs/source/states.entanglement.rst,1
docs/source/states.operations.rst,1
docs/source/states.optimizations.rst,1
docs/source/states.properties.rst,1
docs/source/states.rst,2
docs/source/states.states.rst,1
docs/source/toqito.channels.operations.rst,2
docs/source/toqito.channels.properties.rst,2
docs/source/toqito.channels.rst,3
docs/source/toqito.core.rst,2
docs/source/toqito.helper.rst,5
docs/source/toqito.linear_algebra.matrices.rst,2
docs/source/toqito.linear_algebra.operations.rst,2
docs/source/toqito.linear_algebra.properties.rst,2
docs/source/toqito.linear_algebra.rst,2
docs/source/toqito.measurements.properties.rst,2
docs/source/toqito.measurements.rst,3
docs/source/toqito.nonlocal_games.bit_commitment.rst,4
docs/source/toqito.nonlocal_games.coin_flipping.rst,4
docs/source/toqito.nonlocal_games.die_rolling.rst,4
docs/source/toqito.nonlocal_games.extended_nonlocal_games.rst,4
docs/source/toqito.nonlocal_games.nonlocal_games.rst,2
docs/source/toqito.nonlocal_games.quantum_hedging.rst,2
docs/source/toqito.nonlocal_games.quantum_money.rst,2
docs/source/toqito.nonlocal_games.rst,5
docs/source/toqito.nonlocal_games.xor_games.rst,4
docs/source/toqito.perms.rst,4
docs/source/toqito.random.rst,5
docs/source/toqito.rst,8
docs/source/toqito.states.rst,3
toqito/channels/operations/kraus_to_choi.py,2
docs/source/install.rst,1
tests/test_concurrence.py,6
tests/test_von_neumann_entropy.py,1
tests/test_fidelity.py,6
tests/test_sub_fidelity.py,2
tests/test_hilbert_schmidt.py,1
tests/test_super_fidelity.py,4
toqito/states/distance/super_fidelity.py,4
toqito/linear_algebra/operations/tensor.py,5
tests/test_is_commuting.py,1
tests/test_is_unitary.py,5
tests/test_is_positive.py,1
tests/test_dephasing_channel.py,6
tests/test_depolarizing_channel.py,7
tests/test_is_ensemble.py,1
tests/test_tile.py,1
tests/test_is_completely_positive.py,1
tests/test_is_herm_preserving.py,1
tests/test_kraus_to_choi.py,1
docs/source/toqito.channels.channels.rst,1
docs/source/toqito.entanglement.rst,4
docs/source/toqito.maps.rst,2
docs/source/toqito.nonlocal_games.hedging.rst,4
docs/source/toqito.states.operations.rst,2
tests/test_apply_map.py,10
tests/test_choi_map.py,8
tests/test_partial_map.py,2
tests/test_partial_trace.py,11
tests/test_partial_transpose.py,14
tests/test_realignment.py,9
tests/test_reduction.py,1
toqito/maps/__init__.py,2
docs/source/toqito.states.entanglement.rst,1
tests/test_hedging_value.py,4
tests/test_is_povm.py,3
tests/test_negativity.py,3
tests/test_schmidt_rank.py,7
tests/test_two_player_quantum_lower_bound.py,4
toqito/entanglement/__init__.py,3
toqito/measurements/properties/is_povm.py,1
docs/source/toqito.states.distance.rst,1
docs/source/toqito.states.optimizations.rst,1
docs/source/toqito.states.properties.rst,1
docs/source/toqito.states.states.rst,1
docs/source/toqito.super_operators.rst,5
docs/source/toqito.base.rst,4
tests/test_bell.py,13
tests/test_bra.py,5
tests/test_domino.py,5
tests/test_helstrom_holevo.py,4
tests/test_is_mixed.py,9
tests/test_is_mub.py,4
tests/test_is_product_vector.py,6
tests/test_is_pure.py,8
tests/test_ket.py,7
tests/test_max_entangled.py,12
tests/test_random_ginibre.py,1
tests/test_state_distinguishability.py,4
tests/test_trace_distance.py,7
tests/test_trace_norm.py,6
tests/test_weak_coin_flipping.py,3
toqito/entanglement/concurrence.py,11
toqito/entanglement/negativity.py,15
toqito/maps/choi_map.py,2
toqito/maps/partial_map.py,4
toqito/maps/partial_trace.py,2
toqito/maps/partial_transpose.py,2
toqito/maps/realignment.py,2
toqito/measurements/is_povm.py,2
toqito/nonlocal_games/hedging/hedging_value.py,9
toqito/nonlocal_games/two_player_quantum_lower_bound.py,11
toqito/states/operations/schmidt_rank.py,2
tests/test_update_odometer.py,2
docs/source/toqito.matrix.matrices.rst,4
docs/source/toqito.matrix.operations.rst,4
docs/source/toqito.matrix.properties.rst,4
docs/source/toqito.matrix.rst,4
docs/source/toqito.measure.rst,4
docs/source/toqito.state.distance.rst,4
docs/source/toqito.state.operations.rst,4
docs/source/toqito.state.optimizations.rst,4
docs/source/toqito.state.properties.rst,4
docs/source/toqito.state.rst,4
docs/source/toqito.state.states.rst,4
tests/test_chessboard.py,2
tests/test_conclusive_state_exclusion.py,5
tests/test_fourier_matrix.py,4
tests/test_gell_mann.py,4
tests/test_gen_bell.py,8
tests/test_gen_gell_mann.py,3
tests/test_gen_pauli.py,5
tests/test_gisin.py,2
tests/test_horodecki.py,2
tests/test_iden.py,6
tests/test_is_density.py,3
tests/test_is_diagonal.py,4
tests/test_is_hermitian.py,4
tests/test_is_normal.py,3
tests/test_is_pd.py,4
tests/test_is_ppt.py,6
tests/test_is_projection.py,3
tests/test_is_psd.py,4
tests/test_is_square.py,3
tests/test_is_symmetric.py,4
tests/test_isotropic_state.py,8
tests/test_max_mixed.py,3
tests/test_ppt_distinguishability.py,5
tests/test_pure_to_mixed.py,7
tests/test_purity.py,7
tests/test_random_density_matrix.py,6
tests/test_random_state_vector.py,5
tests/test_random_unitary.py,4
tests/test_reduction_map.py,4
tests/test_schmidt_decomposition.py,6
tests/test_unambiguous_state_exclusion.py,4
tests/test_vec.py,5
tests/test_werner.py,2
toqito/maps/apply_map.py,1
toqito/maps/reduction_map.py,1
toqito/matrix/__init__.py,4
docs/source/conf.py,2
toqito/state/states/w_state.py,8
toqito/state/properties/is_mub.py,3
toqito/measure/is_povm.py,4
docs/source/api.rst,2
docs/api.rst,2
docs/modules.rst,7
docs/toqito.base.rst,2
docs/toqito.entanglement.rst,3
docs/toqito.helper.rst,3
docs/toqito.matrix.matrices.rst,3
docs/toqito.matrix.operations.rst,3
docs/toqito.matrix.properties.rst,3
docs/toqito.matrix.rst,4
docs/toqito.measure.rst,3
docs/toqito.nonlocal_games.bit_commitment.rst,3
docs/toqito.nonlocal_games.coin_flipping.rst,3
docs/toqito.nonlocal_games.die_rolling.rst,3
docs/toqito.nonlocal_games.extended_nonlocal_games.rst,3
docs/toqito.nonlocal_games.hedging.rst,3
docs/toqito.nonlocal_games.rst,4
docs/toqito.nonlocal_games.xor_games.rst,3
docs/toqito.perms.rst,4
docs/toqito.random.rst,3
docs/toqito.state.distance.rst,4
docs/toqito.state.operations.rst,3
docs/toqito.state.optimizations.rst,4
docs/toqito.state.properties.rst,3
docs/toqito.state.rst,4
docs/toqito.state.states.rst,3
docs/toqito.super_operators.rst,3
docs/base.rst,1
toqito/matrix/properties/is_pd.py,9
toqito/state/distance/super_fidelity.py,5
toqito/state/operations/pure_to_mixed.py,5
toqito/state/operations/schmidt_decomposition.py,10
toqito/state/operations/schmidt_rank.py,10
toqito/state/optimizations/conclusive_state_exclusion.py,4
toqito/state/optimizations/ppt_distinguishability.py,8
toqito/state/optimizations/state_distinguishability.py,3
toqito/state/optimizations/unambiguous_state_exclusion.py,8
toqito/state/properties/is_mixed.py,5
toqito/state/properties/is_ppt.py,8
toqito/state/properties/is_product_vector.py,12
toqito/state/properties/is_pure.py,8
toqito/state/states/bell.py,7
toqito/state/states/chessboard.py,4
toqito/state/states/domino.py,8
toqito/state/states/gen_bell.py,5
toqito/state/states/ghz.py,6
toqito/state/states/gisin.py,6
toqito/state/states/horodecki.py,6
toqito/state/states/isotropic.py,4
toqito/state/states/max_entangled.py,7
toqito/state/states/max_mixed.py,5
toqito/state/states/werner.py,5
toqito/state/distance/entropy.py,5
toqito/state/distance/fidelity.py,7
toqito/state/distance/helstrom_holevo.py,4
toqito/state/distance/purity.py,5
toqito/state/distance/trace_distance.py,4
toqito/state/distance/trace_norm.py,5
toqito/super_operators/apply_map.py,13
toqito/super_operators/choi_map.py,9
toqito/super_operators/dephasing_channel.py,10
toqito/super_operators/depolarizing_channel.py,9
toqito/super_operators/partial_trace.py,16
toqito/super_operators/partial_transpose.py,25
toqito/super_operators/realignment.py,10
toqito/super_operators/reduction_map.py,10
toqito/matrix/operations/tensor.py,11
toqito/matrix/operations/vec.py,6
toqito/matrix/properties/is_density.py,6
toqito/matrix/properties/is_diagonal.py,6
toqito/matrix/properties/is_hermitian.py,5
toqito/matrix/properties/is_normal.py,5
toqito/matrix/properties/is_projection.py,4
toqito/matrix/properties/is_psd.py,8
toqito/matrix/properties/is_square.py,5
toqito/matrix/properties/is_symmetric.py,7
toqito/matrix/properties/is_unitary.py,7
toqito/base/bra.py,8
toqito/base/ket.py,8
toqito/matrix/matrices/clock.py,3
toqito/matrix/matrices/fourier.py,4
toqito/matrix/matrices/gell_mann.py,8
toqito/matrix/matrices/gen_gell_mann.py,8
toqito/matrix/matrices/gen_pauli.py,8
toqito/matrix/matrices/iden.py,5
toqito/matrix/matrices/pauli.py,8
toqito/matrix/matrices/shift.py,3
docs/main.rst,2
docs/tests.rst,4
tests/test_state_discrimination.py,4
toqito/state/optimizations/state_distance.py,3
toqito/state/distance/bures_distance.py,3
toqito/state/distance/bures_metric.py,3
docs/conf.rst,2
docs/setup.rst,2
toqito/state/optimizations/state_discrimination.py,6
docs/paper/output.pdf,2
docs/paper/paper.pdf,3
tests/test_perfect_matchings.py,3
tests/test_ghz_state.py,12
docs/make.bat,1
docs/notebooks/matrix/operations/Untitled.ipynb,1
docs/notebooks/nonlocal_games/nonlocal_games/quantum_lower_bound.ipynb,1
tests/test_antisymmetric_projection.py,5
tests/test_chessboard_state.py,6
tests/test_cvxpy_helper.py,2
tests/test_gisin_state.py,7
tests/test_horodecki_state.py,6
tests/test_is_measurement.py,4
tests/test_perm_sign.py,2
tests/test_permutation_operator.py,3
tests/test_permute_systems.py,4
tests/test_random_povm.py,2
tests/test_swap.py,7
tests/test_swap_operator.py,4
tests/test_symmetric_projection.py,3
tests/test_unique_perms.py,4
tests/test_werner_state.py,6
tests/test_xor_game_value.py,6
docs/tutorials/matrix/matrices/clock.ipynb,1
docs/tutorials/matrix/matrices/fourier.ipynb,1
docs/tutorials/matrix/matrices/gell_mann.ipynb,1
docs/tutorials/matrix/matrices/shift.ipynb,1
toqito/mub/__init__.py,3
toqito/mub/is_mub.py,4
toqito/state/properties/is_quantum_latin_square.py,1
toqito/matrix/matrices/fourier_matrix.py,6
docs/tutorials/matrix/matrices/clock_matrix.ipynb,1
docs/tutorials/matrix/matrices/shift_matrix.ipynb,1
docs/tutorials/matrix/operations/Untitled.ipynb,1
docs/tutorials/nonlocal_games/hedging/hedging.ipynb,1
docs/tutorials/nonlocal_games/nonlocal_games/quantum_lower_bound.ipynb,1
docs/tutorials/state/properties/is_pure.ipynb,1
tests/test_pi_perm.py,4
toqito/perms/pi_perm.py,4
jupyter_notebooks/state/properties/is_pure.ipynb,1
jupyter_notebooks/matrix/matrices/clock_matrix.ipynb,4
jupyter_notebooks/state/properties/Is Pure.ipynb,1
tests/test_single_state_exclusion.py,1
toqito/state/optimizations/single_state_exclusion.py,1
TODO.txt,9
scratch.py,74
jupyter_notebooks/nonlocal_games/hedging/hedging.ipynb,3
tests/test_state_exclusion.py,9
toqito/upb/__init__.py,3
toqito/state/optimizations/state_exclusion.py,2
toqito/nonlocal_games/hedging/hedging_sdps.py,5
toqito/state/optimizations/__init__.py,1
toqito/state/optimizations/state_cloning.py,1
toqito/experimental/__init__.py,2
toqito/experimental/three_player_quantum_lower_bound.py,2
toqito/state/distance/__init__.py,2
toqito/state/distance/state_distance.py,3
toqito/state/operations/__init__.py,2
toqito/state/properties/__init__.py,2
toqito/state/states/ghz_state.py,3
toqito/state/states/gisin_state.py,3
toqito/state/states/isotropic_state.py,2
toqito/state/states/werner_state.py,7
toqito/base/__init__.py,2
toqito/matrix/matrices/__init__.py,2
toqito/matrix/matrices/clock_matrix.py,6
toqito/matrix/matrices/shift_matrix.py,5
toqito/matrix/operations/__init__.py,2
toqito/matrix/properties/__init__.py,2
toqito/measure/__init__.py,2
toqito/measure/is_measurement.py,3
toqito/mub/is_quantum_latin_square.py,2
toqito/nonlocal_games/hedging/__init__.py,2
toqito/state/__init__.py,3
toqito/state/states/__init__.py,2
toqito/super_operators/__init__.py,2
tests/test_hedging_sdps.py,2
toqito/state/distance/state_discrimination.py,2
toqito/state/distance/state_exclusion.py,4
toqito/nonlocal_games/two_player/__init__.py,2
jupyter_notebooks/matrix/matrices/shift_matrix.ipynb,1
jupyter_notebooks/matrix/operations/Untitled.ipynb,1
tests/test_nonlocal_game_lower_bound.py,2
toqito/nonlocal_games/nonlocal_game_lower_bound.py,1
jupyter_notebooks/matrix/matrices/Untitled.ipynb,1
jupyter_notebooks/nonlocal_games/nonlocal_games/quantum_lower_bound.ipynb,1
toqito/nonlocal_games/bell_inequality_max_qubits.py,2
toqito/nonlocal_games/nonlocal_game_value.py,2
toqito/nonlocal_games/nonlocal_games/quantum_lower_bound.py,1
toqito/state/states/horodecki_state.py,2
toqito/helper/cvx_helper.py,7
toqito/nonlocal_games/nonlocal_game_value_lb.py,7
toqito/super_operators/diamond_norm.py,2
jupyter_notebooks/nonlocal_games/hedging.ipynb,1
toqito/hedging/calculate_hedging_angles.py,3
toqito/hedging/calculate_hedging_value.py,4
toqito/nonlocal_games/hedging/pi_perm.py,1
jupyter_notebooks/hedging/hedging.ipynb,1
toqito/hedging/calculate_q.py,7
toqito/hedging/hedging_sdps.py,4
toqito/nonlocal_games/xor_game_value.py,3
toqito/hedging/pi_perm.py,5
toqito/hedging/weak_coin_flipping.py,4
toqito/super_operators/partial_map.py,2
Pipfile.lock,4
toqito/hedging/__init__.py,1
toqito/state/distance/state_dist.py,1
toqito/helper/constants.py,3
toqito/state/operations/entropy.py,1
toqito/state/operations/fidelity.py,1
toqito/state/operations/state_dist.py,1
toqito/state/operations/state_exclusion.py,1
toqito/state/properties/purity.py,1
toqito/state/states/chessboard_state.py,1
toqito/states/operations/entropy.py,1
toqito/states/operations/fidelity.py,1
toqito/states/operations/state_dist.py,1
toqito/states/operations/state_exclusion.py,1
toqito/states/properties/purity.py,1
toqito/states/states/chessboard_state.py,1
toqito/states/states/ghz_state.py,1
toqito/states/states/gisin_state.py,1
toqito/states/states/horodecki_state.py,1
toqito/states/states/isotropic_state.py,1
toqito/states/is_product_vector.py,3
toqito/states/state_exclusion.py,4
toqito/states/schmidt_decomposition.py,4
toqito/states/chessboard_state.py,3
toqito/states/entropy.py,2
toqito/states/isotropic_state.py,4
toqito/states/state_dist.py,2
tests/test_cvx_helper.py,3
proposal.txt,2
toqito/states/is_pure.py,4
toqito/states/pure_to_mixed.py,3
toqito/states/purity.py,3
toqito/helper/iden.py,4
toqito/states/ghz_state.py,4
toqito/states/gisin_state.py,3
toqito/states/horodecki_state.py,2
toqito/matrix/matrices/gen_gell_man.py,2
tests/test_gell_man.py,1
toqito/matrix/matrices/gell_man.py,2
tests/test_ptrace.py,3
toqito/super_operators/ptrace.py,3
toqito/states/is_mixed.py,3
tests/swap.py,2
tests/swap_operator.py,2
toqito/helper/permute_systems.py,5
toqito/helper/swap_operator.py,2
toqito/helper/swap.py,1
toqito/helper/unique_perms.py,2
toqito/distinguishability/state_dist.py,1
